Question,Option 1,Option 2,Option 3,Option 4,Correct Option,,
What is the SI unit of length?,Gram,Meter,Liter,Kelvin,Meter,,1
Which of the following is a derived unit?,Kilogram,Meter,Newton,Ampere,Newton,,1
"The prefix ""kilo"" represents:",10?310^{-3}10?3,10310^3103,10?610^{-6}10?6,10610^6106,10310^3103,,1
The least count of a vernier caliper is:,0.01 mm,0.1 mm,1 mm,0.001 mm,0.1 mm,,1
The mass of the moon is approximately:,7×10227 \times 10^{22}7×1022 kg,7×10207 \times 10^{20}7×1020 kg,7×10247 \times 10^{24}7×1024 kg,7×10187 \times 10^{18}7×1018 kg,7×10227 \times 10^{22}7×1022 kg,,1
The diameter of an atomic nucleus is about:,1×10?101 \times 10^{-10}1×10?10 m,1×10?141 \times 10^{-14}1×10?14 m,1×10?151 \times 10^{-15}1×10?15 m,1×10?81 \times 10^{-8}1×10?8 m,1×10?141 \times 10^{-14}1×10?14 m,,1
Which instrument is used to measure the internal diameter of a pipe?,Screw gauge,Vernier caliper,Meter rule,Measuring tape,Vernier caliper,,1
The number of significant figures in 0.00467 is:,2,3,4,5,3,,1
The SI unit of time is:,Hour,Minute,Second,Day,Second,,1
"The scientific notation for 384,400,000 m is:",3.844×1073.844 \times 10^73.844×107 m,3.844×1083.844 \times 10^83.844×108 m,3.844×1093.844 \times 10^93.844×109 m,3.844×1063.844 \times 10^63.844×106 m,3.844×1083.844 \times 10^83.844×108 m,,1
Which of the following is a base quantity?,Area,Volume,Length,Velocity,Length,,1
The least count of a screw gauge is calculated by:,Pitch / Total divisions on circular scale,Total divisions on circular scale / Pitch,Pitch × Total divisions on circular scale,Total divisions on circular scale × Pitch,Pitch / Total divisions on circular scale,,1
The volume of a liquid can be measured using:,Physical balance,Measuring cylinder,Screw gauge,Vernier caliper,Measuring cylinder,,1
The number of significant figures in 32.50063 is:,5,6,7,8,7,,1
The SI unit of electric current is:,Volt,Ampere,Ohm,Watt,Ampere,,1
The mass of Earth is approximately:,5.98×10245.98 \times 10^{24}5.98×1024 kg,5.98×10225.98 \times 10^{22}5.98×1022 kg,5.98×10205.98 \times 10^{20}5.98×1020 kg,5.98×10265.98 \times 10^{26}5.98×1026 kg,5.98×10245.98 \times 10^{24}5.98×1024 kg,,1
The bond length of diatomic hydrogen is:,7.4×10?107.4 \times 10^{-10}7.4×10?10 m,7.4×10?117.4 \times 10^{-11}7.4×10?11 m,7.4×10?127.4 \times 10^{-12}7.4×10?12 m,7.4×10?97.4 \times 10^{-9}7.4×10?9 m,7.4×10?117.4 \times 10^{-11}7.4×10?11 m,,1
"The smallest bird, the bee hummingbird, measures:",0.057 cm,0.057 mm,0.057 m,0.057 km,0.057 m,,1
The distance from Peshawar to Lahore via motorway is:,376 km,489 km,500 km,450 km,489 km,,1
The area under a speed-time graph represents:,Acceleration,Velocity,Distance,Time,Distance,,1
The slope of a distance-time graph represents:,Acceleration,Speed,Velocity,Displacement,Speed,,1
The instrument used to measure the mass of a body is:,Screw gauge,Physical balance,Vernier caliper,Measuring cylinder,Physical balance,,1
The number of seconds in a year is approximately:,3.1536×1063.1536 \times 10^63.1536×106 s,3.1536×1073.1536 \times 10^73.1536×107 s,3.1536×1083.1536 \times 10^83.1536×108 s,3.1536×1053.1536 \times 10^53.1536×105 s,3.1536×1073.1536 \times 10^73.1536×107 s,,1
The mass of a typical bacterium is:,2.0×10?152.0 \times 10^{-15}2.0×10?15 kg,2.0×10?182.0 \times 10^{-18}2.0×10?18 kg,2.0×10?122.0 \times 10^{-12}2.0×10?12 kg,2.0×10?92.0 \times 10^{-9}2.0×10?9 kg,2.0×10?182.0 \times 10^{-18}2.0×10?18 kg,,1
"The prefix ""milli"" represents:",10?210^{-2}10?2,10?310^{-3}10?3,10?610^{-6}10?6,10?910^{-9}10?9,10?310^{-3}10?3,,1
The SI unit of luminous intensity is:,Candela,Kelvin,Mole,Ampere,Candela,,1
The least count of a digital stopwatch is:,0.001 s,0.01 s,0.1 s,1 s,0.01 s,,1
The volume of 1 liter of milk in cubic meters is:,10?110^{-1}10?1 m³,10?210^{-2}10?2 m³,10?310^{-3}10?3 m³,10?410^{-4}10?4 m³,10?310^{-3}10?3 m³,,1
The number of significant figures in 900.8 is:,2,3,4,5,4,,1
The instrument used to measure the volume of an irregular solid is:,Screw gauge,Measuring cylinder,Vernier caliper,Physical balance,Measuring cylinder,,1
The SI unit of thermodynamic temperature is:,Celsius,Fahrenheit,Kelvin,Rankine,Kelvin,,1
The number of significant figures in 6×1076 \times 10^76×107 is:,1,2,3,4,1,,1
The distance from Peshawar to Lahore in millimeters is:,4.89×1054.89 \times 10^54.89×105 mm,4.89×1064.89 \times 10^64.89×106 mm,4.89×1074.89 \times 10^74.89×107 mm,4.89×1084.89 \times 10^84.89×108 mm,4.89×1084.89 \times 10^84.89×108 mm,,1
The average distance between Earth and the Moon is:,3.844×1063.844 \times 10^63.844×106 m,3.844×1073.844 \times 10^73.844×107 m,3.844×1083.844 \times 10^83.844×108 m,3.844×1093.844 \times 10^93.844×109 m,3.844×1083.844 \times 10^83.844×108 m,,1
The number of significant figures in 0.0002 is:,1,2,3,4,1,,1
The SI unit of amount of substance is:,Gram,Kilogram,Mole,Liter,Mole,,1
The least count of a meter rule is:,0.1 mm,1 mm,0.01 mm,0.001 mm,1 mm,,1
The mass of an adult housefly is approximately:,2.14×10?52.14 \times 10^{-5}2.14×10?5 kg,2.14×10?62.14 \times 10^{-6}2.14×10?6 kg,2.14×10?72.14 \times 10^{-7}2.14×10?7 kg,2.14×10?82.14 \times 10^{-8}2.14×10?8 kg,2.14×10?52.14 \times 10^{-5}2.14×10?5 kg,,1
The number of significant figures in 5174.00 is:,4,5,6,7,6,,1
The SI unit of force is:,Joule,Newton,Watt,Pascal,Newton,,1
The number of significant figures in 7.400 is:,2,3,4,5,4,,1
"The prefix ""giga"" represents:",10610^6106,10910^9109,101210^{12}1012,101510^{15}1015,10910^9109,,1
The number of significant figures in 1.1 is:,1,2,3,4,2,,1
The SI unit of pressure is:,Newton,Joule,Pascal,Watt,Pascal,,1
The number of significant figures in 0.2 mm in units of meters is:,1,2,3,4,1,,1
"The book ""Kitab Ul Manazir"" was written by:",Al-Beruni,Ibn al-Haytham,Avicenna,Al-Khwarizmi,Ibn al-Haytham,,1
The number of significant figures in 9.460×10159.460 \times 10^{15}9.460×1015 m is:,3,4,5,6,4,,1
The SI unit of energy is:,Newton,Joule,Watt,Pascal,Joule,,1
The number of significant figures in 0.00467 is:,2,3,4,5,3,,1
The SI unit of capacitance is:,Farad,Ohm,Volt,Ampere,Farad,,1
The number of significant figures in 4 is:,1,2,3,4,1,,1
The SI unit of resistance is:,Farad,Ohm,Volt,Ampere,Ohm,,1
The number of significant figures in 7.1 is:,1,2,3,4,2,,1
The SI unit of electric current is:,Volt,Ampere,Ohm,Watt,Ampere,,1
The number of significant figures in 900.8 is:,2,3,4,5,4,,1
The SI unit of density is:,kg/m,kg/m²,kg/m³,g/cm³,kg/m³,,1
The number of significant figures in 32.50063 is:,5,6,7,8,7,,1
The SI unit of volume is:,Liter,Cubic meter,Cubic centimeter,Milliliter,Cubic meter,,1
The number of significant figures in 0.00000000000001 m is:,1,2,3,4,1,,1
The SI unit of speed is:,m/s,km/h,cm/s,ft/s,m/s,,1
The number of significant figures in 67.5 mm is:,2,3,4,5,3,,1
The SI unit of acceleration is:,m/s,m/s²,km/h²,cm/s²,m/s²,,1
The number of significant figures in 100.80 is:,3,4,5,6,5,,1
The SI unit of work is:,Newton,Joule,Watt,Pascal,Joule,,1
The number of significant figures in 0.0002 kg is:,1,2,3,4,1,,1
The SI unit of power is:,Newton,Joule,Watt,Pascal,Watt,,1
The number of significant figures in 1.0080 is:,3,4,5,6,5,,1
The SI unit of frequency is:,Hertz,Second,Minute,Hour,Hertz,,1
The number of significant figures in 0.000000001 s is:,1,2,3,4,1,,1
The SI unit of luminous intensity is:,Candela,Kelvin,Mole,Ampere,Candela,,1
The number of significant figures in 1000.00 is:,3,4,5,6,6,,1
The SI unit of plane angle is:,Degree,Radian,Steradian,Arcminute,Radian,,1
The number of significant figures in 0.000000000000000000001 kg is:,1,2,3,4,1,,1
The SI unit of solid angle is:,Degree,Radian,Steradian,Arcminute,Steradian,,1
The number of significant figures in 100.00 is:,3,4,5,6,5,,1
The SI unit of electric charge is:,Ampere,Coulomb,Volt,Ohm,Coulomb,,1
The number of significant figures in 0.0000001 m is:,1,2,3,4,1,,1
The SI unit of magnetic flux is:,Tesla,Weber,Henry,Siemens,Weber,,1
The number of significant figures in 10000 is:,1,2,3,4,1,,1
The SI unit of magnetic flux density is:,Tesla,Weber,Henry,Siemens,Tesla,,1
The number of significant figures in 0.000000000000001 kg is:,1,2,3,4,1,,1
The SI unit of inductance is:,Tesla,Weber,Henry,Siemens,Henry,,1
The number of significant figures in 100.000 is:,3,4,5,6,6,,1
The SI unit of temperature is:,Celsius,Fahrenheit,Kelvin,Rankine,Kelvin,,1
The number of significant figures in 0.0000000000000001 s is:,1,2,3,4,1,,1
The SI unit of amount of substance is:,Gram,Kilogram,Mole,Liter,Mole,,1
The number of significant figures in 1000.0000 is:,4,5,6,7,7,,1
The SI unit of catalytic activity is:,Mole,Katal,Gram,Liter,Katal,,1
The number of significant figures in 0.0000000000000000001 m is:,1,2,3,4,1,,1
The SI unit of radioactivity is:,Becquerel,Gray,Sievert,Curie,Becquerel,,1
The number of significant figures in 100000 is:,1,2,3,4,1,,1
The SI unit of absorbed dose is:,Becquerel,Gray,Sievert,Curie,Gray,,1
The number of significant figures in 0.0000000000000000000001 kg is:,1,2,3,4,1,,1
The SI unit of dose equivalent is:,Becquerel,Gray,Sievert,Curie,Sievert,,1
The number of significant figures in 1000000 is:,1,2,3,4,1,,1
The SI unit of electric conductance is:,Ohm,Siemens,Volt,Ampere,Siemens,,1
The number of significant figures in 0.000000000000000000000001 m is:,1,2,3,4,1,,1
The SI unit of electric resistance is:,Ohm,Siemens,Volt,Ampere,Ohm,,1
The number of significant figures in 10000000 is:,1,2,3,4,1,,1
The SI unit of electric capacitance is:,Farad,Ohm,Volt,Ampere,Farad,,1
The number of significant figures in 0.00000000000000000000000001 kg is:,1,2,3,4,1,,1
The SI unit of magnetic field strength is:,Tesla,Ampere per meter,Weber,Henry,Ampere per meter,,1
The number of significant figures in 100000000 is:,1,2,3,4,1,,1
The SI unit of luminous flux is:,Candela,Lumen,Lux,Watt,Lumen,,1
The number of significant figures in 0.0000000000000000000000000001 s is:,1,2,3,4,1,,1
The SI unit of illuminance is:,Candela,Lumen,Lux,Watt,Lux,,1
The number of significant figures in 1000000000 is:,1,2,3,4,1,,1
The SI unit of activity is:,Becquerel,Gray,Sievert,Curie,Becquerel,,1
The number of significant figures in 0.000000000000000000000000000001 m is:,1,2,3,4,1,,1
The branch of physics that deals with the study of motion is called:,Dynamics,Statics,Kinematics,Thermodynamics,Kinematics,,2
A body is said to be in motion if:,It changes its color,It changes its position,It changes its shape,It changes its size,It changes its position,,2
The shortest distance between two points is called:,Distance,Displacement,Speed,Velocity,Displacement,,2
The SI unit of speed is:,km/h,m/s,cm/s,ft/s,m/s,,2
"If a body covers equal distances in equal intervals of time, it is moving with:",Variable speed,Uniform speed,Zero speed,Negative speed,Uniform speed,,2
The slope of a distance-time graph represents:,Acceleration,Velocity,Speed,Displacement,Speed,,2
The area under a speed-time graph represents:,Acceleration,Velocity,Distance,Time,Distance,,2
A car accelerates uniformly from rest to 30 m/s in 10 s. Its acceleration is:,2 m/s²,3 m/s²,4 m/s²,5 m/s²,3 m/s²,,2
The velocity-time graph of a body moving with uniform acceleration is a:,Straight line,Curve,Circle,Parabola,Straight line,,2
The acceleration due to gravity on Earth is approximately:,9.8 m/s²,8.9 m/s²,10 m/s²,9 m/s²,9.8 m/s²,,2
"If an object is thrown vertically upward, its velocity at the highest point is:",Maximum,Minimum,Zero,Negative,Zero,,2
The displacement of a body can be:,Positive,Negative,Zero,All of these,All of these,,2
The SI unit of acceleration is:,m/s,km/h²,m/s²,cm/s²,m/s²,,2
A body moving with uniform velocity has:,Zero acceleration,Positive acceleration,Negative acceleration,Variable acceleration,Zero acceleration,,2
The motion of a body along a circular path is called:,Linear motion,Circular motion,Random motion,Vibratory motion,Circular motion,,2
The motion of a pendulum is an example of:,Linear motion,Circular motion,Random motion,Vibratory motion,Vibratory motion,,2
The speed of a body at any instant is called:,Average speed,Uniform speed,Instantaneous speed,Variable speed,Instantaneous speed,,2
The change in velocity per unit time is called:,Speed,Velocity,Acceleration,Displacement,Acceleration,,2
A body is said to be at rest if:,It changes its position,It does not change its position,It changes its color,It changes its shape,It does not change its position,,2
The motion of Earth around the Sun is an example of:,Linear motion,Circular motion,Random motion,Vibratory motion,Circular motion,,2
The motion of a freely falling body is an example of:,Uniform motion,Non-uniform motion,Circular motion,Vibratory motion,Non-uniform motion,,2
The velocity of a body can be:,Positive,Negative,Zero,All of these,All of these,,2
The SI unit of displacement is:,Meter,Kilometer,Centimeter,Millimeter,Meter,,2
The motion of a car on a straight road is an example of:,Linear motion,Circular motion,Random motion,Vibratory motion,Linear motion,,2
The motion of a bee is an example of:,Linear motion,Circular motion,Random motion,Vibratory motion,Random motion,,2
The motion of a swing is an example of:,Linear motion,Circular motion,Random motion,Vibratory motion,Vibratory motion,,2
The motion of a stone tied to a string and whirled in a circle is an example of:,Linear motion,Circular motion,Random motion,Vibratory motion,Circular motion,,2
The motion of a car moving on a curved road is an example of:,Linear motion,Circular motion,Random motion,Vibratory motion,Circular motion,,2
The motion of a ball rolling down an inclined plane is an example of:,Uniform motion,Non-uniform motion,Circular motion,Vibratory motion,Non-uniform motion,,2
The motion of a body falling freely under gravity is an example of:,Uniform motion,Non-uniform motion,Circular motion,Vibratory motion,Non-uniform motion,,2
The motion of a body moving with constant speed in a circular path is called:,Uniform linear motion,Uniform circular motion,Non-uniform motion,Vibratory motion,Uniform circular motion,,2
The motion of a body moving with constant acceleration is called:,Uniform motion,Non-uniform motion,Circular motion,Vibratory motion,Non-uniform motion,,2
The motion of a body moving with variable acceleration is called:,Uniform motion,Non-uniform motion,Circular motion,Vibratory motion,Non-uniform motion,,2
The motion of a body moving with zero acceleration is called:,Uniform motion,Non-uniform motion,Circular motion,Vibratory motion,Uniform motion,,2
The motion of a body moving with constant velocity is called:,Uniform motion,Non-uniform motion,Circular motion,Vibratory motion,Uniform motion,,2
The motion of a body moving with variable velocity is called:,Uniform motion,Non-uniform motion,Circular motion,Vibratory motion,Non-uniform motion,,2
The motion of a body moving with zero velocity is called:,Uniform motion,Non-uniform motion,Rest,Vibratory motion,Rest,,2
The motion of a body moving with constant speed is called:,Uniform motion,Non-uniform motion,Circular motion,Vibratory motion,Uniform motion,,2
The motion of a body moving with variable speed is called:,Uniform motion,Non-uniform motion,Circular motion,Vibratory motion,Non-uniform motion,,2
The motion of a body moving with zero speed is called:,Uniform motion,Non-uniform motion,Rest,Vibratory motion,Rest,,2
The branch of physics that deals with the study of motion and the causes of motion is called:,Kinematics,Statics,Dynamics,Thermodynamics,Dynamics,,3
The tendency of a body to resist a change in its state of rest or motion is called:,Force,Inertia,Momentum,Acceleration,Inertia,,3
The SI unit of force is:,Joule,Newton,Watt,Pascal,Newton,,3
The force that opposes the motion of a body is called:,Tension,Friction,Gravity,Normal force,Friction,,3
The force that pulls a body towards the center of the Earth is called:,Tension,Friction,Gravity,Normal force,Gravity,,3
The force exerted by a string or rope when it is stretched is called:,Tension,Friction,Gravity,Normal force,Tension,,3
The force exerted by a surface to support the weight of a body is called:,Tension,Friction,Gravity,Normal force,Normal force,,3
The product of mass and velocity is called:,Force,Inertia,Momentum,Acceleration,Momentum,,3
The SI unit of momentum is:,kg·m/s,N·s,kg·m²/s,kg·m/s²,kg·m/s,,3
The rate of change of momentum is equal to:,Force,Inertia,Acceleration,Velocity,Force,,3
The force required to accelerate a body of mass 1 kg at 1 m/s² is:,1 N,10 N,100 N,1000 N,1 N,,3
The force that keeps a body moving in a circular path is called:,Centripetal force,Centrifugal force,Gravitational force,Normal force,Centripetal force,,3
The force that acts outward on a body moving in a circular path is called:,Centripetal force,Centrifugal force,Gravitational force,Normal force,Centrifugal force,,3
The force that acts on a body due to its weight is called:,Tension,Friction,Gravity,Normal force,Gravity,,3
The force that acts perpendicular to the surface of a body is called:,Tension,Friction,Gravity,Normal force,Normal force,,3
The force that acts parallel to the surface of a body is called:,Tension,Friction,Gravity,Normal force,Friction,,3
The force that acts to stretch or compress a body is called:,Tension,Friction,Gravity,Normal force,Tension,,3
The force that acts to change the shape of a body is called:,Tension,Friction,Gravity,Deforming force,Deforming force,,3
The force that acts to restore the original shape of a body is called:,Tension,Friction,Gravity,Restoring force,Restoring force,,3
The force that acts to move a body in a straight line is called:,Tension,Friction,Gravity,Linear force,Linear force,,3
The force that acts to move a body in a circular path is called:,Tension,Friction,Gravity,Circular force,Circular force,,3
The force that acts to stop a moving body is called:,Tension,Friction,Gravity,Retarding force,Retarding force,,3
The force that acts to start a body from rest is called:,Tension,Friction,Gravity,Starting force,Starting force,,3
The force that acts to change the direction of a moving body is called:,Tension,Friction,Gravity,Deflecting force,Deflecting force,,3
The force that acts to increase the speed of a moving body is called:,Tension,Friction,Gravity,Accelerating force,Accelerating force,,3
The force that acts to decrease the speed of a moving body is called:,Tension,Friction,Gravity,Decelerating force,Decelerating force,,3
The force that acts to keep a body in equilibrium is called:,Tension,Friction,Gravity,Balancing force,Balancing force,,3
The force that acts to move a body upwards is called:,Tension,Friction,Gravity,Lifting force,Lifting force,,3
The force that acts to move a body downwards is called:,Tension,Friction,Gravity,Pulling force,Pulling force,,3
The force that acts to move a body sideways is called:,Tension,Friction,Gravity,Pushing force,Pushing force,,3
The force that acts to rotate a body is called:,Tension,Friction,Gravity,Torque,Torque,,3
The force that acts to stop a rotating body is called:,Tension,Friction,Gravity,Braking force,Braking force,,3
The force that acts to start a rotating body is called:,Tension,Friction,Gravity,Starting torque,Starting torque,,3
The force that acts to change the angular velocity of a rotating body is called:,Tension,Friction,Gravity,Angular force,Angular force,,3
The force that acts to keep a rotating body in equilibrium is called:,Tension,Friction,Gravity,Balancing torque,Balancing torque,,3
The force that acts to move a body in a spiral path is called:,Tension,Friction,Gravity,Spiral force,Spiral force,,3
The force that acts to move a body in a zigzag path is called:,Tension,Friction,Gravity,Zigzag force,Zigzag force,,3
The force that acts to move a body in a curved path is called:,Tension,Friction,Gravity,Curved force,Curved force,,3
The force that acts to move a body in a straight path is called:,Tension,Friction,Gravity,Straight force,Straight force,,3
The force that acts to move a body in a circular path is called:,Tension,Friction,Gravity,Circular force,Circular force,,3
The force that acts to move a body in a parabolic path is called:,Tension,Friction,Gravity,Parabolic force,Parabolic force,,3
The force that acts to move a body in a hyperbolic path is called:,Tension,Friction,Gravity,Hyperbolic force,Hyperbolic force,,3
The force that acts to move a body in an elliptical path is called:,Tension,Friction,Gravity,Elliptical force,Elliptical force,,3
The force that acts to move a body in a helical path is called:,Tension,Friction,Gravity,Helical force,Helical force,,3
The force that acts to move a body in a sinusoidal path is called:,Tension,Friction,Gravity,Sinusoidal force,Sinusoidal force,,3
The force that acts to move a body in a random path is called:,Tension,Friction,Gravity,Random force,Random force,,3
What is the SI unit of mass?,Gram,Kilogram,Milligram,Microgram,Kilogram,,1
Which of the following is a base unit in the SI system?,Newton,Joule,Kelvin,Watt,Kelvin,,1
"The prefix ""micro"" represents:",10?310^{-3}10?3,10?610^{-6}10?6,10?910^{-9}10?9,10?1210^{-12}10?12,10?610^{-6}10?6,,
The least count of a meter rule is:,0.1 cm,1 cm,0.01 cm,0.001 cm,0.1 cm,,
The mass of the Sun is approximately:,2×10302 \times 10^{30}2×1030 kg,2×10272 \times 10^{27}2×1027 kg,2×10242 \times 10^{24}2×1024 kg,2×10212 \times 10^{21}2×1021 kg,2×10302 \times 10^{30}2×1030 kg,,
The diameter of a hydrogen atom is approximately:,1×10?101 \times 10^{-10}1×10?10 m,1×10?121 \times 10^{-12}1×10?12 m,1×10?151 \times 10^{-15}1×10?15 m,1×10?81 \times 10^{-8}1×10?8 m,1×10?101 \times 10^{-10}1×10?10 m,,
Which instrument is used to measure the diameter of a wire?,Screw gauge,Vernier caliper,Meter rule,Measuring tape,Screw gauge,,
The number of significant figures in 0.000560 is:,2,3,4,5,3,,
The SI unit of time is:,Minute,Hour,Second,Day,Second,,
"The scientific notation for 56,000,000 m is:",5.6×1065.6 \times 10^65.6×106 m,5.6×1075.6 \times 10^75.6×107 m,5.6×1085.6 \times 10^85.6×108 m,5.6×1055.6 \times 10^55.6×105 m,5.6×1075.6 \times 10^75.6×107 m,,
Which of the following is a derived quantity?,Length,Mass,Time,Area,Area,,
The least count of a vernier caliper is calculated by:,Total divisions on main scale / Total divisions on vernier scale,Pitch / Total divisions on circular scale,Total divisions on vernier scale / Total divisions on main scale,Total divisions on main scale × Total divisions on vernier scale,Total divisions on main scale / Total divisions on vernier scale,,
The volume of a liquid can be measured using:,Physical balance,Screw gauge,Measuring cylinder,Vernier caliper,Measuring cylinder,,
The number of significant figures in 0.000000450 is:,2,3,4,5,3,,
The SI unit of electric current is:,Volt,Ampere,Ohm,Watt,Ampere,,
The mass of a proton is approximately:,1.67×10?241.67 \times 10^{-24}1.67×10?24 kg,1.67×10?271.67 \times 10^{-27}1.67×10?27 kg,1.67×10?301.67 \times 10^{-30}1.67×10?30 kg,1.67×10?331.67 \times 10^{-33}1.67×10?33 kg,1.67×10?271.67 \times 10^{-27}1.67×10?27 kg,,
The bond length of a carbon-carbon single bond is approximately:,1.54×10?101.54 \times 10^{-10}1.54×10?10 m,1.54×10?111.54 \times 10^{-11}1.54×10?11 m,1.54×10?121.54 \times 10^{-12}1.54×10?12 m,1.54×10?91.54 \times 10^{-9}1.54×10?9 m,1.54×10?101.54 \times 10^{-10}1.54×10?10 m,,
"The smallest mammal, the bumblebee bat, has a mass of approximately:",2 grams,20 grams,200 grams,2 kilograms,2 grams,,
The distance from Islamabad to Karachi via motorway is approximately:,1000 km,1200 km,1400 km,1600 km,1200 km,,
The area under a velocity-time graph represents:,Acceleration,Velocity,Distance,Time,Distance,,
The slope of a velocity-time graph represents:,Displacement,Speed,Acceleration,Distance,Acceleration,,
A car accelerates uniformly from 10 m/s to 30 m/s in 5 s. Its acceleration is:,2 m/s²,4 m/s²,6 m/s²,8 m/s²,4 m/s²,,
The velocity-time graph of a body moving with non-uniform acceleration is a:,Straight line,Curve,Circle,Parabola,Curve,,
The acceleration due to gravity on the Moon is approximately:,1.62 m/s²,3.7 m/s²,9.8 m/s²,24.8 m/s²,1.62 m/s²,,
"If an object is thrown vertically upward, its acceleration at the highest point is:",Maximum,Minimum,Zero,Negative,9.8 m/s² downward,,
The displacement of a body can be zero if:,The body moves in a straight line,The body moves in a circle,The body returns to its starting point,The body moves with constant velocity,The body returns to its starting point,,
The SI unit of velocity is:,m/s,km/h,cm/s,ft/s,m/s,,
A body moving with non-uniform velocity has:,Zero acceleration,Positive acceleration,Negative acceleration,Variable acceleration,Variable acceleration,,
The motion of a pendulum bob is an example of:,Linear motion,Circular motion,Random motion,Oscillatory motion,Oscillatory motion,,
The speed of a body at any instant is called:,Average speed,Uniform speed,Instantaneous speed,Variable speed,Instantaneous speed,,
The change in velocity per unit time is called:,Speed,Velocity,Acceleration,Displacement,Acceleration,,
A body is said to be at rest relative to an observer if:,It changes its position,It does not change its position,It changes its color,It changes its shape,It does not change its position,,
The motion of the Earth around the Sun is an example of:,Linear motion,Circular motion,Random motion,Oscillatory motion,Circular motion,,
The motion of a freely falling body is an example of:,Uniform motion,Non-uniform motion,Circular motion,Oscillatory motion,Non-uniform motion,,
The velocity of a body can be negative if:,The body moves in the positive direction,The body moves in the negative direction,The body is at rest,The body moves with constant speed,The body moves in the negative direction,,
The SI unit of displacement is:,Kilometer,Centimeter,Millimeter,Meter,Meter,,
The motion of a car on a straight road is an example of:,Linear motion,Circular motion,Random motion,Oscillatory motion,Linear motion,,
The motion of a bee is an example of:,Linear motion,Circular motion,Random motion,Oscillatory motion,Random motion,,
The motion of a swing is an example of:,Linear motion,Circular motion,Random motion,Oscillatory motion,Oscillatory motion,,
The motion of a stone tied to a string and whirled in a circle is an example of:,Linear motion,Circular motion,Random motion,Oscillatory motion,Circular motion,,
The motion of a car moving on a curved road is an example of:,Linear motion,Circular motion,Random motion,Oscillatory motion,Circular motion,,
The motion of a ball rolling down an inclined plane is an example of:,Uniform motion,Non-uniform motion,Circular motion,Oscillatory motion,Non-uniform motion,,
The motion of a body falling freely under gravity is an example of:,Uniform motion,Non-uniform motion,Circular motion,Oscillatory motion,Non-uniform motion,,
The motion of a body moving with constant speed in a circular path is called:,Uniform linear motion,Uniform circular motion,Non-uniform motion,Oscillatory motion,Uniform circular motion,,
The motion of a body moving with constant acceleration is called:,Uniform motion,Non-uniform motion,Circular motion,Oscillatory motion,Non-uniform motion,,
The motion of a body moving with variable acceleration is called:,Uniform motion,Non-uniform motion,Circular motion,Oscillatory motion,Non-uniform motion,,
The motion of a body moving with zero acceleration is called:,Uniform motion,Non-uniform motion,Circular motion,Oscillatory motion,Uniform motion,,
The motion of a body moving with constant velocity is called:,Uniform motion,Non-uniform motion,Circular motion,Oscillatory motion,Uniform motion,,
The motion of a body moving with variable velocity is called:,Uniform motion,Non-uniform motion,Circular motion,Oscillatory motion,Non-uniform motion,,
The motion of a body moving with zero velocity is called:,Uniform motion,Non-uniform motion,Rest,Oscillatory motion,Rest,,
The motion of a body moving with constant speed is called:,Uniform motion,Non-uniform motion,Circular motion,Oscillatory motion,Uniform motion,,
The motion of a body moving with variable speed is called:,Uniform motion,Non-uniform motion,Circular motion,Oscillatory motion,Non-uniform motion,,
The motion of a body moving with zero speed is called:,Uniform motion,Non-uniform motion,Rest,Oscillatory motion,Rest,,
The branch of physics that deals with the study of motion without considering its causes is called:,Dynamics,Statics,Kinematics,Thermodynamics,Kinematics,,2
A body is said to be in motion if:,It changes its color,It changes its position,It changes its shape,It changes its size,It changes its position,,
The shortest distance between two points is called:,Distance,Displacement,Speed,Velocity,Displacement,,
The SI unit of speed is:,km/h,m/s,cm/s,ft/s,m/s,,
"If a body covers unequal distances in equal intervals of time, it is moving with:",Variable speed,Uniform speed,Zero speed,Negative speed,Variable speed,,
The slope of a displacement-time graph represents:,Acceleration,Velocity,Speed,Displacement,Velocity,,
The area under a velocity-time graph represents:,Acceleration,Velocity,Distance,Time,Displacement,,
A car decelerates uniformly from 30 m/s to 10 m/s in 5 s. Its acceleration is:,-2 m/s²,-4 m/s²,-6 m/s²,-8 m/s²,-4 m/s²,,
The displacement-time graph of a body moving with uniform velocity is a:,Straight line,Curve,Circle,Parabola,Straight line,,
The acceleration due to gravity on Mars is approximately:,1.62 m/s²,3.7 m/s²,9.8 m/s²,24.8 m/s²,3.7 m/s²,,
"If an object is thrown horizontally, its vertical velocity at the highest point is:",Maximum,Minimum,Zero,Negative,Zero,,
The displacement of a body can be positive if:,The body moves in the positive direction,The body moves in the negative direction,The body is at rest,The body moves with constant speed,The body moves in the positive direction,,
The SI unit of acceleration is:,m/s,km/h²,m/s²,cm/s²,m/s²,,
A body moving with uniform velocity has:,Zero acceleration,Positive acceleration,Negative acceleration,Variable acceleration,Zero acceleration,,
The motion of a body along a straight line is called:,Linear motion,Circular motion,Random motion,Oscillatory motion,Linear motion,,
The motion of a pendulum is an example of:,Linear motion,Circular motion,Random motion,Oscillatory motion,Oscillatory motion,,
The speed of a body at any instant is called:,Average speed,Uniform speed,Instantaneous speed,Variable speed,Instantaneous speed,,
The change in velocity per unit time is called:,Speed,Velocity,Acceleration,Displacement,Acceleration,,
A body is said to be at rest if:,It changes its position,It does not change its position,It changes its color,It changes its shape,It does not change its position,,
The motion of the Moon around the Earth is an example of:,Linear motion,Circular motion,Random motion,Oscillatory motion,Circular motion,,
The motion of a freely falling body is an example of:,Uniform motion,Non-uniform motion,Circular motion,Oscillatory motion,Non-uniform motion,,
The velocity of a body can be positive if:,The body moves in the positive direction,The body moves in the negative direction,The body is at rest,The body moves with constant speed,The body moves in the positive direction,,
The SI unit of displacement is:,Kilometer,Centimeter,Millimeter,Meter,Meter,,
The motion of a car on a straight road is an example of:,Linear motion,Circular motion,Random motion,Oscillatory motion,Linear motion,,
The motion of a butterfly is an example of:,Linear motion,Circular motion,Random motion,Oscillatory motion,Random motion,,
The motion of a swing is an example of:,Linear motion,Circular motion,Random motion,Oscillatory motion,Oscillatory motion,,
The motion of a stone tied to a string and whirled in a circle is an example of:,Linear motion,Circular motion,Random motion,Oscillatory motion,Circular motion,,
The motion of a car moving on a curved road is an example of:,Linear motion,Circular motion,Random motion,Oscillatory motion,Circular motion,,
The motion of a ball rolling down an inclined plane is an example of:,Uniform motion,Non-uniform motion,Circular motion,Oscillatory motion,Non-uniform motion,,
The motion of a body falling freely under gravity is an example of:,Uniform motion,Non-uniform motion,Circular motion,Oscillatory motion,Non-uniform motion,,
The motion of a body moving with constant speed in a circular path is called:,Uniform linear motion,Uniform circular motion,Non-uniform motion,Oscillatory motion,Uniform circular motion,,
The motion of a body moving with constant acceleration is called:,Uniform motion,Non-uniform motion,Circular motion,Oscillatory motion,Non-uniform motion,,
The motion of a body moving with variable acceleration is called:,Uniform motion,Non-uniform motion,Circular motion,Oscillatory motion,Non-uniform motion,,
The motion of a body moving with zero acceleration is called:,Uniform motion,Non-uniform motion,Circular motion,Oscillatory motion,Uniform motion,,
The motion of a body moving with constant velocity is called:,Uniform motion,Non-uniform motion,Circular motion,Oscillatory motion,Uniform motion,,
The motion of a body moving with variable velocity is called:,Uniform motion,Non-uniform motion,Circular motion,Oscillatory motion,Non-uniform motion,,
The motion of a body moving with zero velocity is called:,Uniform motion,Non-uniform motion,Rest,Oscillatory motion,Rest,,
The motion of a body moving with constant speed is called:,Uniform motion,Non-uniform motion,Circular motion,Oscillatory motion,Uniform motion,,
The motion of a body moving with variable speed is called:,Uniform motion,Non-uniform motion,Circular motion,Oscillatory motion,Non-uniform motion,,
The motion of a body moving with zero speed is called:,Uniform motion,Non-uniform motion,Rest,Oscillatory motion,Rest,,
The branch of physics that deals with the study of motion and the causes of motion is called:,Kinematics,Statics,Dynamics,Thermodynamics,Dynamics,3,
The tendency of a body to resist a change in its state of rest or uniform motion is called:,Force,Inertia,Momentum,Acceleration,Inertia,3,
The SI unit of force is:,Joule,Newton,Watt,Pascal,Newton,,
The force that opposes the relative motion of two surfaces in contact is called:,Tension,Friction,Gravity,Normal force,Friction,,
The force that pulls a body towards the center of the Earth is called:,Tension,Friction,Gravity,Normal force,Gravity,,
The force exerted by a string or rope when it is stretched is called:,Tension,Friction,Gravity,Normal force,Tension,,
The force exerted by a surface to support the weight of a body is called:,Tension,Friction,Gravity,Normal force,Normal force,,
The product of mass and velocity is called:,Force,Inertia,Momentum,Acceleration,Momentum,,
The SI unit of momentum is:,kg·m/s,N·s,kg·m²/s,kg·m/s²,kg·m/s,,
The rate of change of momentum is equal to:,Force,Inertia,Acceleration,Velocity,Force,,
The force required to accelerate a body of mass 2 kg at 2 m/s² is:,2 N,4 N,6 N,8 N,4 N,,
The force that keeps a body moving in a circular path is called:,Centripetal force,Centrifugal force,Gravitational force,Normal force,Centripetal force,,
The force that acts outward on a body moving in a circular path is called:,Centripetal force,Centrifugal force,Gravitational force,Normal force,Centrifugal force,,
The force that acts on a body due to its weight is called:,Tension,Friction,Gravity,Normal force,Gravity,,
The force that acts perpendicular to the surface of a body is called:,Tension,Friction,Gravity,Normal force,Normal force,,
The force that acts parallel to the surface of a body is called:,Tension,Friction,Gravity,Normal force,Friction,,
The force that acts to stretch or compress a body is called:,Tension,Friction,Gravity,Deforming force,Tension,,
The force that acts to restore the original shape of a body is called:,Tension,Friction,Gravity,Restoring force,Restoring force,,
The force that acts to move a body in a straight line is called:,Tension,Friction,Gravity,Linear force,Linear force,,
The force that acts to move a body in a circular path is called:,Tension,Friction,Gravity,Circular force,Circular force,,
The force that acts to stop a moving body is called:,Tension,Friction,Gravity,Retarding force,Retarding force,,
The force that acts to start a body from rest is called:,Tension,Friction,Gravity,Starting force,Starting force,,
The force that acts to change the direction of a moving body is called:,Tension,Friction,Gravity,Deflecting force,Deflecting force,,
The force that acts to increase the speed of a moving body is called:,Tension,Friction,Gravity,Accelerating force,Accelerating force,,
The force that acts to decrease the speed of a moving body is called:,Tension,Friction,Gravity,Decelerating force,Decelerating force,,
The force that acts to keep a body in equilibrium is called:,Tension,Friction,Gravity,Balancing force,Balancing force,,
The force that acts to move a body upwards is called:,Tension,Friction,Gravity,Lifting force,Lifting force,,
The force that acts to move a body downwards is called:,Tension,Friction,Gravity,Pulling force,Pulling force,,
The force that acts to move a body sideways is called:,Tension,Friction,Gravity,Pushing force,Pushing force,,
The force that acts to rotate a body is called:,Tension,Friction,Gravity,Torque,Torque,,
The force that acts to stop a rotating body is called:,Tension,Friction,Gravity,Braking force,Braking force,,
The force that acts to start a rotating body is called:,Tension,Friction,Gravity,Starting torque,Starting torque,,
The force that acts to change the angular velocity of a rotating body is called:,Tension,Friction,Gravity,Angular force,Angular force,,
The force that acts to keep a rotating body in equilibrium is called:,Tension,Friction,Gravity,Balancing torque,Balancing torque,,
The force that acts to move a body in a spiral path is called:,Tension,Friction,Gravity,Spiral force,Spiral force,,
The force that acts to move a body in a zigzag path is called:,Tension,Friction,Gravity,Zigzag force,Zigzag force,,
The force that acts to move a body in a curved path is called:,Tension,Friction,Gravity,Curved force,Curved force,,
The force that acts to move a body in a straight path is called:,Tension,Friction,Gravity,Straight force,Straight force,,
The force that acts to move a body in a circular path is called:,Tension,Friction,Gravity,Circular force,Circular force,,
The force that acts to move a body in a parabolic path is called:,Tension,Friction,Gravity,Parabolic force,Parabolic force,,
The force that acts to move a body in a hyperbolic path is called:,Tension,Friction,Gravity,Hyperbolic force,Hyperbolic force,,
The force that acts to move a body in an elliptical path is called:,Tension,Friction,Gravity,Elliptical force,Elliptical force,,
The force that acts to move a body in a helical path is called:,Tension,Friction,Gravity,Helical force,Helical force,,
The force that acts to move a body in a sinusoidal path is called:,Tension,Friction,Gravity,Sinusoidal force,Sinusoidal force,,
The force that acts to move a body in a random path is called:,Tension,Friction,Gravity,Random force,Random force,,
The turning effect of a force is called:,Momentum,Torque,Inertia,Friction,Torque,,r
The SI unit of torque is:,N·m,N·s,kg·m/s,kg·m²/s,N·m,,r
The moment of a force depends on:,Magnitude of force,Perpendicular distance from the pivot,Both magnitude and perpendicular distance,Direction of force,Both magnitude and perpendicular distance,,
A force of 10 N is applied at a distance of 0.5 m from the pivot. The torque produced is:,2 N·m,5 N·m,10 N·m,20 N·m,5 N·m,,
The principle of moments states that for a body in equilibrium:,Sum of clockwise moments = Sum of anticlockwise moments,Sum of forces = Zero,Sum of torques = Zero,Sum of velocities = Zero,Sum of clockwise moments = Sum of anticlockwise moments,,
The center of mass of a uniform rod lies at:,One end,The midpoint,One-third from one end,One-fourth from one end,The midpoint,,
The center of gravity of a body is the point where:,The weight of the body acts,The mass of the body is concentrated,The body is balanced,The body rotates,The weight of the body acts,,
A couple consists of:,Two equal and opposite forces acting along the same line,Two equal and parallel forces acting in the same direction,Two equal and opposite forces acting at different points,Two unequal forces acting in opposite directions,Two equal and opposite forces acting at different points,,
The SI unit of moment of a couple is:,N·m,N·s,kg·m/s,kg·m²/s,N·m,,
The moment of a couple is given by:,Force × Perpendicular distance between forces,Force × Distance from pivot,Force × Time,Force × Velocity,Force × Perpendicular distance between forces,,
A body is in equilibrium if:,The net force acting on it is zero,The net torque acting on it is zero,Both net force and net torque are zero,The body is at rest,Both net force and net torque are zero,,
The center of mass of a triangular lamina is at the:,Centroid,Circumcenter,Orthocenter,Incenter,Centroid,,
The stability of a body is increased by:,Lowering the center of gravity,Raising the center of gravity,Increasing the height,Decreasing the base area,Lowering the center of gravity,,
A body is said to be in stable equilibrium if:,Its center of gravity is raised when displaced,Its center of gravity is lowered when displaced,Its center of gravity remains at the same height,It topples over when displaced,Its center of gravity is raised when displaced,,
The turning effect of a force is maximum when the force is applied:,Parallel to the pivot,Perpendicular to the pivot,At an angle of 45° to the pivot,At an angle of 30° to the pivot,Perpendicular to the pivot,,
The moment of a force is zero if:,The force is zero,The perpendicular distance is zero,Both force and perpendicular distance are zero,The force is parallel to the line of action,The perpendicular distance is zero,,
The principle of moments can be used to find:,The weight of a body,The mass of a body,The unknown force or distance in equilibrium,The velocity of a body,The unknown force or distance in equilibrium,,
"A uniform meter rule is balanced at the 50 cm mark. If a weight of 0.2 N is suspended at the 20 cm mark, where should a weight of 0.3 N be suspended to balance the rule?",60 cm mark,70 cm mark,80 cm mark,90 cm mark,70 cm mark,,
The center of mass of a system of particles is the point where:,The total mass of the system is concentrated,The total weight of the system acts,The system is balanced,The system rotates,The total mass of the system is concentrated,,
The stability of a vehicle is increased by:,Increasing the height of its center of gravity,Decreasing the height of its center of gravity,Increasing the speed,Decreasing the base area,Decreasing the height of its center of gravity,,
A couple produces:,Linear motion,Rotational motion,Both linear and rotational motion,No motion,Rotational motion,,
The moment of a force about a point is:,Force × Distance from the point,Force × Perpendicular distance from the point,Force × Time,Force × Velocity,Force × Perpendicular distance from the point,,
The center of gravity of a uniform circular lamina is at its:,Center,Edge,Circumference,Any point on the circumference,Center,,
The stability of a body is determined by:,Its weight,Its shape,The position of its center of gravity,Its volume,The position of its center of gravity,,
A body is in unstable equilibrium if:,Its center of gravity is raised when displaced,Its center of gravity is lowered when displaced,Its center of gravity remains at the same height,It does not topple when displaced,Its center of gravity is raised when displaced,,
The moment of a force is maximum when:,The force is maximum,The perpendicular distance is maximum,The force is applied at the pivot,The force is applied parallel to the pivot,The perpendicular distance is maximum,,
The principle of moments is an application of:,Newton's first law,Newton's second law,Newton's third law,Law of conservation of energy,Newton's second law,,
A uniform rod of length 1 m is balanced at its midpoint. A weight of 10 N is suspended at the 20 cm mark. What weight should be suspended at the 90 cm mark to balance the rod?,5 N,10 N,15 N,20 N,10 N,,
The center of mass of a hollow cone lies:,At its vertex,At its base,Along its axis,At its centroid,Along its axis,,
The stability of a body can be increased by:,Raising its center of gravity,Narrowing its base,Lowering its center of gravity,Increasing its height,Lowering its center of gravity,,
The force of attraction between two masses is called:,Electromagnetic force,Gravitational force,Nuclear force,Frictional force,Gravitational force,,y
The SI unit of gravitational constant (G) is:,N·m²/kg²,N·m/kg,N·m²/kg,N/kg,N·m²/kg²,,y
The value of the gravitational constant (G) is approximately:,6.67×10?116.67 \times 10^{-11}6.67×10?11 N·m²/kg²,6.67×10?96.67 \times 10^{-9}6.67×10?9 N·m²/kg²,6.67×10?136.67 \times 10^{-13}6.67×10?13 N·m²/kg²,6.67×10?76.67 \times 10^{-7}6.67×10?7 N·m²/kg²,6.67×10?116.67 \times 10^{-11}6.67×10?11 N·m²/kg²,,
The acceleration due to gravity on the surface of the Earth is approximately:,9.8 m/s²,8.9 m/s²,10 m/s²,9 m/s²,9.8 m/s²,,
The weight of a body is given by:,Mass × Velocity,Mass × Acceleration,Mass × Force,Mass × Gravitational acceleration,Mass × Gravitational acceleration,,
The weight of a body on the Moon is:,Equal to its weight on Earth,Less than its weight on Earth,Greater than its weight on Earth,Zero,Less than its weight on Earth,,
The gravitational force between two masses is directly proportional to:,The sum of the masses,The product of the masses,The difference of the masses,The square of the masses,The product of the masses,,
The gravitational force between two masses is inversely proportional to:,The distance between them,The square of the distance between them,The cube of the distance between them,The square root of the distance between them,The square of the distance between them,,
The value of 'g' on the surface of the Moon is approximately:,1.62 m/s²,3.7 m/s²,9.8 m/s²,24.8 m/s²,1.62 m/s²,,
The weight of a body of mass 10 kg on Earth is:,9.8 N,98 N,980 N,9800 N,98 N,,
The gravitational field strength at a point is defined as:,The force per unit mass at that point,The force per unit charge at that point,The mass per unit volume at that point,The acceleration per unit force at that point,The force per unit mass at that point,,
The SI unit of gravitational field strength is:,N/kg,N/m,N·m/kg,N·kg/m,N/kg,,
The weight of a body at the center of the Earth is:,Maximum,Minimum,Zero,Infinite,Zero,,
The gravitational force between two objects increases if:,The distance between them increases,The distance between them decreases,The masses of the objects decrease,The objects are placed in a vacuum,The distance between them decreases,,
The value of 'g' decreases as we move:,Towards the poles,Towards the equator,Upwards from the Earth's surface,Downwards into the Earth,Upwards from the Earth's surface,,
The weight of a body is maximum at:,The equator,The poles,The center of the Earth,The surface of the Moon,The poles,,
The gravitational force is a:,Contact force,Non-contact force,Nuclear force,Electromagnetic force,Non-contact force,,
The gravitational potential energy of a body is given by:,mghmghmgh,12mv2\frac{1}{2}mv^221?mv2,mgh2mgh^2mgh2,mg/hmg/hmg/h,mghmghmgh,,
The escape velocity from the surface of the Earth is approximately:,5 km/s,11.2 km/s,20 km/s,30 km/s,11.2 km/s,,
The gravitational force between the Earth and the Moon is an example of:,Weak force,Strong force,Electromagnetic force,Gravitational force,Gravitational force,,
The weight of a body on Jupiter would be:,Less than on Earth,Equal to on Earth,Greater than on Earth,Zero,Greater than on Earth,,
The value of 'g' on the surface of Mars is approximately:,1.62 m/s²,3.7 m/s²,9.8 m/s²,24.8 m/s²,3.7 m/s²,,
The gravitational force between two masses m1m_1m1? and m2m_2m2? separated by a distance rrr is given by:,F=Gm1m2rF = G \frac{m_1 m_2}{r}F=Grm1?m2??,F=Gm1m2r2F = G \frac{m_1 m_2}{r^2}F=Gr2m1?m2??,F=Gm1+m2r2F = G \frac{m_1 + m_2}{r^2}F=Gr2m1?+m2??,F=Gm1?m2r2F = G \frac{m_1 - m_2}{r^2}F=Gr2m1??m2??,F=Gm1m2r2F = G \frac{m_1 m_2}{r^2}F=Gr2m1?m2??,,
The weight of a body is:,A constant quantity,A vector quantity,A scalar quantity,Independent of gravity,A vector quantity,,
The gravitational acceleration on the surface of Venus is approximately:,1.62 m/s²,3.7 m/s²,8.87 m/s²,24.8 m/s²,8.87 m/s²,,
"The mass of a body remains the same everywhere in the universe, but its weight:",Also remains the same,Changes with location,Is always zero,Is infinite,Changes with location,,
The gravitational force is responsible for:,Keeping the planets in their orbits,Holding the atmosphere around the Earth,Causing tides in the oceans,All of the above,All of the above,,
The value of 'g' at a height hhh above the Earth's surface is given by:,g?=g(1?hR)g' = g \left(1 - \frac{h}{R}\right)g?=g(1?Rh?),g?=g(1+hR)g' = g \left(1 + \frac{h}{R}\right)g?=g(1+Rh?),g?=g(1?2hR)g' = g \left(1 - \frac{2h}{R}\right)g?=g(1?R2h?),g?=g(1+2hR)g' = g \left(1 + \frac{2h}{R}\right)g?=g(1+R2h?),g?=g(1?2hR)g' = g \left(1 - \frac{2h}{R}\right)g?=g(1?R2h?),,
The gravitational potential at a point is defined as:,The work done per unit mass to bring a body from infinity to that point,The work done per unit charge to bring a body from infinity to that point,The force per unit mass at that point,The force per unit charge at that point,The work done per unit mass to bring a body from infinity to that point,,
The SI unit of gravitational potential is:,J/kg,J/m,J·m/kg,J·kg/m,J/kg,,
The gravitational potential energy of a body depends on:,Its mass,Its height above the Earth's surface,The value of 'g',All of the above,All of the above,,
The escape velocity of a body from a planet depends on:,The mass of the body,The mass of the planet,The radius of the planet,Both the mass and radius of the planet,Both the mass and radius of the planet,,
